HOMBRES ,Frecuencia absoluta,Frecuencia acumulada,Frecuencia relativa absoluta,Frecuencia relativa acumulada,Marca de clase,Porcentaje,x_i * f_i,(x_i - \mu)^2,(x_i - \mu)^2 * f_i
"(55.857, 61.871]",6,6,0.10526315789473684,0.10526315789473684,58.864000000000004,10.526315789473683,353.184,177.53318360387775,1065.1991016232664
"(61.871, 67.843]",10,16,0.17543859649122806,0.2807017543859649,64.857,17.543859649122805,648.5699999999999,53.745876077562194,537.458760775622
"(67.843, 73.814]",23,39,0.40350877192982454,0.6842105263157895,70.82849999999999,40.35087719298245,1629.0554999999997,1.8486695907202197,42.519400586565055
"(73.814, 79.786]",8,47,0.14035087719298245,0.8245614035087719,76.8,14.035087719298245,614.4,21.26908760387818,170.15270083102544
"(79.786, 85.757]",4,51,0.07017543859649122,0.8947368421052632,82.7715,7.017543859649122,331.086,112.00713011703628,448.02852046814513
"(85.757, 91.729]",5,56,0.08771929824561403,0.9824561403508771,88.743,8.771929824561402,443.715,274.06279713019404,1370.3139856509702
"(91.729, 97.7]",1,57,0.017543859649122806,1.0,94.7145,1.7543859649122806,94.7145,507.43608864335226,507.43608864335226
