MUJERES,Frecuencia absoluta,Frecuencia acumulada,Frecuencia relativa absoluta,Frecuencia relativa acumulada,Marca de clase,Porcentaje
"(43.174, 46.771]",2,2,0.05714285714285714,0.05714285714285714,44.9725,5.714285714285714
"(46.771, 50.343]",4,6,0.11428571428571428,0.17142857142857143,48.557,11.428571428571429
"(50.343, 53.914]",7,13,0.2,0.37142857142857144,52.1285,20.0
"(53.914, 57.486]",10,23,0.2857142857142857,0.6571428571428571,55.7,28.57142857142857
"(57.486, 61.057]",5,28,0.14285714285714285,0.8,59.2715,14.285714285714285
"(61.057, 64.629]",3,31,0.08571428571428572,0.8857142857142857,62.843,8.571428571428571
"(64.629, 68.2]",4,35,0.11428571428571428,1.0,66.4145,11.428571428571429
